date,title,description,hashtags,music,caption,pinned,seed,communities,code
2026-08-28,You weren't rejected. You were ranked #340.,"The ATS didn't reject you — it ranked you, and a human only ever looks at page one. Prompt 5 of 25 from the free pack.",#resumetips #atsresume #jobsearch2026,,"Nobody rejected you. You were ranked #340 of 400, and a human only ever looks at page one.

43% of parsing failures are formatting, not content (ResumeAdapter, 10k scans, Q1 2026).

Prompt 5 of 25. Comment PACK and I'll send you the free five.","Free 5-prompt pack, no upsell in it: [LEAD MAGNET LINK]
All 25 (Hired by AI, $19 — 10% off with code [CODE]): [PRODUCT LINK]","Nobody rejected you. You were ranked #340 of 400, and a human only ever looks at page one.","r/resumes, r/cscareerquestions, r/recruitinghell",
2026-08-29,Recruiters don't browse LinkedIn. They search it.,Your headline is the highest-weighted field in recruiter search. Most people waste it on their job title. Prompt 12 of 25 from the free pack.,#linkedintips #jobsearch2026 #techjobs,,"Recruiters don't scroll LinkedIn looking for you. They type a search and open page one.

Your headline is the field that search weighs most, and most people spend it on the two words already printed under their name.

Prompt 12 of 25. Comment PACK and I'll send you the free five.","Free 5-prompt pack, no upsell in it: [LEAD MAGNET LINK]
All 25 (Hired by AI, $19 — 10% off with code [CODE]): [PRODUCT LINK]",Recruiters don't scroll LinkedIn looking for you. They type a search and open page one.,"r/cscareerquestions, r/jobs, r/ExperiencedDevs",
2026-08-30,They already told you the interview questions.,The requirements section of the job post is the question list. Prompt 16 of 25 from the free pack.,#interviewprep #jobsearchtips #techjobs,,"They already gave you the questions. It's called the job description.

Every line in the requirements section is something they have to check in the interview. That's the list.

Prompt 16 of 25. Comment PACK and I'll send you the free five.","Free 5-prompt pack, no upsell in it: [LEAD MAGNET LINK]
All 25 (Hired by AI, $19 — 10% off with code [CODE]): [PRODUCT LINK]",They already gave you the questions. It's called the job description.,"r/cscareerquestions, r/interviews, r/ExperiencedDevs",
2026-08-31,300+ applications per hire. One referral skips all of them.,Referrals don't rank better — they bypass the ranking entirely. The hard part is asking without it being awkward. Prompt 9 of 25 from the free pack.,#jobhunting #referrals #techjobs,,"The average opening takes 300+ applications to fill one seat (Jobscan, via ApplyMate).

A referral doesn't rank higher in that pile. It skips the pile.

Prompt 9 of 25 — how to ask without it being awkward. Comment PACK and I'll send you the free five.","Free 5-prompt pack, no upsell in it: [LEAD MAGNET LINK]
All 25 (Hired by AI, $19 — 10% off with code [CODE]): [PRODUCT LINK]",A referral doesn't rank higher in the pile. It skips the pile.,"r/cscareerquestions, r/csMajors, r/recruitinghell",
2026-09-01,You have the story. Not in the shape they score.,Interviewers score behavioral answers on a rubric. Yours is probably three minutes long with no result. Prompt 17 of 25 from the free pack.,#interviewprep #careeradvice #jobsearch2026,,"You have the story. You just don't have it in the shape they're scoring.

Situation, task, action, result — under 90 seconds, with a number at the end. That's the rubric.

Prompt 17 of 25. Comment PACK and I'll send you the free five.","Free 5-prompt pack, no upsell in it: [LEAD MAGNET LINK]
All 25 (Hired by AI, $19 — 10% off with code [CODE]): [PRODUCT LINK]",You have the story. You just don't have it in the shape they're scoring.,"r/interviews, r/cscareerquestions, r/ExperiencedDevs",
